{"cameraMode":{"drawMode":0,"name":"Shaded","section":"Shading Mode"},"sceneLighting":false,"audioPlay":false,"sceneViewState":{"m_AlwaysRefresh":false,"showFog":true,"showSkybox":true,"showFlares":true,"showImageEffects":true,"showParticleSystems":true,"showVisualEffectGraphs":true,"m_FxEnabled":true},"in2DMode":false,"pivot":{"x":2.7813994884490969,"y":3.4164133071899416,"z":6.359140872955322},"rotation":{"x":0.20415356755256654,"y":-0.04346110299229622,"z":-0.009066194295883179,"w":-0.9779530763626099},"size":4.078369617462158,"orthographic":false}