{"cameraMode":{"drawMode":0,"name":"Shaded","section":"Shading Mode"},"sceneLighting":false,"audioPlay":false,"sceneViewState":{"m_AlwaysRefresh":false,"showFog":true,"showSkybox":true,"showFlares":true,"showImageEffects":true,"showParticleSystems":true,"showVisualEffectGraphs":true,"m_FxEnabled":true},"in2DMode":false,"pivot":{"x":-1.7120468616485596,"y":0.7273905277252197,"z":-0.12434462457895279},"rotation":{"x":-0.04910659417510033,"y":-0.6969455480575562,"z":0.047968678176403049,"w":-0.7138605713844299},"size":0.8260799646377564,"orthographic":false}