{"cameraMode":{"drawMode":0,"name":"Shaded","section":"Shading Mode"},"sceneLighting":false,"audioPlay":false,"sceneViewState":{"m_AlwaysRefresh":false,"showFog":true,"showSkybox":false,"showFlares":true,"showImageEffects":true,"showParticleSystems":true,"showVisualEffectGraphs":true,"m_FxEnabled":true},"in2DMode":false,"pivot":{"x":0.015000075101852417,"y":1.954740047454834,"z":0.901491105556488},"rotation":{"x":-0.1461634337902069,"y":0.7008379101753235,"z":-0.14989879727363587,"w":-0.6820611953735352},"size":1.4356106519699097,"orthographic":false}